{
  "cssTheme": "Shimmering Focus",
  "enabledCssSnippets": [
    "多栏callout样式",
    "隐藏文件和文件夹",
    "图片放大",
    "supercharged-links-gen",
    "隐藏LICENSE文件和logseq文件夹",
    "菜单栏定制",
    "图谱",
    "侧边栏dataview样式定制",
    "菜单栏及侧边栏定制"
  ],
  "theme": "moonstone",
  "baseFontSize": 16,
  "baseFontSizeAction": true,
  "translucency": false,
  "accentColor": "",
  "monospaceFontFamily": "Operator Mono",
  "nativeMenus": true,
  "showViewHeader": true,
  "textFontFamily": "LXGW WenKai"
}