{
  "daily-notes": [
    {
      "modifiers": [
        "Mod",
        "Shift"
      ],
      "key": "J"
    }
  ],
  "daily-notes:goto-prev": [
    {
      "modifiers": [
        "Alt",
        "Mod"
      ],
      "key": "ArrowUp"
    }
  ],
  "obsidian-spaced-repetition:srs-note-review-easy": [
    {
      "modifiers": [
        "Mod",
        "Shift"
      ],
      "key": "1"
    }
  ],
  "obsidian-spaced-repetition:srs-note-review-hard": [
    {
      "modifiers": [
        "Mod",
        "Shift"
      ],
      "key": "2"
    }
  ],
  "omnisearch:show-modal": [
    {
      "modifiers": [
        "Mod"
      ],
      "key": "L"
    }
  ],
  "omnisearch:show-modal-infile": [
    {
      "modifiers": [
        "Mod",
        "Shift"
      ],
      "key": "L"
    }
  ],
  "obsidian-spaced-repetition:srs-note-review-open-note": [
    {
      "modifiers": [
        "Mod",
        "Shift"
      ],
      "key": "0"
    }
  ],
  "obsidian-another-quick-switcher:normal-search": [
    {
      "modifiers": [
        "Mod"
      ],
      "key": "O"
    }
  ],
  "templater-obsidian:insert-templater": [
    {
      "modifiers": [
        "Alt",
        "Shift"
      ],
      "key": "E"
    }
  ],
  "obsidian-better-command-palette:open-better-commmand-palette": [
    {
      "modifiers": [
        "Mod"
      ],
      "key": "P"
    }
  ],
  "pane-relief:go-6th": [],
  "command-palette:open": [],
  "editor:toggle-source": [
    {
      "modifiers": [
        "Mod"
      ],
      "key": "R"
    }
  ],
  "app:go-back": [
    {
      "modifiers": [
        "Mod"
      ],
      "key": "["
    }
  ],
  "app:go-forward": [
    {
      "modifiers": [
        "Mod"
      ],
      "key": "]"
    }
  ],
  "obsidian-another-quick-switcher:search-command_Recommended search": [
    {
      "modifiers": [
        "Mod"
      ],
      "key": "O"
    }
  ],
  "daily-notes:goto-next": [
    {
      "modifiers": [
        "Alt",
        "Mod"
      ],
      "key": "ArrowDown"
    }
  ],
  "workspace:next-tab": [
    {
      "modifiers": [
        "Alt",
        "Mod"
      ],
      "key": "ArrowRight"
    }
  ],
  "workspace:previous-tab": [
    {
      "modifiers": [
        "Alt",
        "Mod"
      ],
      "key": "ArrowLeft"
    }
  ],
  "editor:toggle-checklist-status": [],
  "file-explorer:new-file-in-new-pane": [],
  "obsidian-excalidraw-plugin:insert-link-to-element": [],
  "pane-relief:put-1st": [],
  "pane-relief:put-2nd": [],
  "pane-relief:put-3rd": [],
  "pane-relief:put-4th": [],
  "pane-relief:put-5th": [],
  "pane-relief:put-6th": [],
  "pane-relief:put-7th": [],
  "pane-relief:put-8th": [],
  "pane-relief:put-last": [],
  "editor:set-heading-2": [
    {
      "modifiers": [
        "Alt",
        "Mod"
      ],
      "key": "2"
    }
  ],
  "editor:set-heading-3": [
    {
      "modifiers": [
        "Alt",
        "Mod"
      ],
      "key": "3"
    }
  ],
  "editor:set-heading-4": [
    {
      "modifiers": [
        "Alt",
        "Mod"
      ],
      "key": "4"
    }
  ],
  "editor:set-heading-1": [
    {
      "modifiers": [
        "Alt",
        "Mod"
      ],
      "key": "1"
    }
  ],
  "hotkeysplus-obsidian:toggle-embed": [],
  "hotkeysplus-obsidian:toggle-bullet-number": [],
  "hotkeysplus-obsidian:toggle-block-quote": [],
  "editor:open-link-in-new-leaf": [],
  "hotkeysplus-obsidian:better-toggle-todo": [
    {
      "modifiers": [
        "Mod"
      ],
      "key": "Enter"
    }
  ],
  "obsidian-auto-link-title:enhance-url-with-title": [
    {
      "modifiers": [
        "Ctrl",
        "Mod"
      ],
      "key": "E"
    }
  ]
}