{
  "main": {
    "id": "3bbafcddc5676ca8",
    "type": "split",
    "children": [
      {
        "id": "02f6f7e328fdbc01",
        "type": "tabs",
        "dimension": 47.239263803680984,
        "children": [
          {
            "id": "68a04eea3e536558",
            "type": "leaf",
            "pane-relief:history-v1": {
              "pos": 0,
              "stack": [
                {
                  "state": "{}",
                  "eState": "{}"
                },
                {
                  "title": "Daily notes模板周日",
                  "icon": "lucide-file",
                  "state": "{\"type\":\"markdown\",\"state\":{\"file\":\"Extras/Templates/Calendar模板/Daily notes模板周日.md\",\"mode\":\"source\",\"backlinks\":true,\"source\":false}}",
                  "eState": "{\"cursor\":{\"from\":{\"line\":0,\"ch\":0},\"to\":{\"line\":0,\"ch\":0}}}"
                },
                {
                  "title": "2023-02-04",
                  "icon": "lucide-file",
                  "state": "{\"type\":\"markdown\",\"state\":{\"file\":\"Calendar/Daily notes/2023-02-04.md\",\"mode\":\"source\",\"backlinks\":true,\"source\":false}}",
                  "eState": "{\"cursor\":{\"from\":{\"line\":0,\"ch\":2},\"to\":{\"line\":0,\"ch\":2}},\"scroll\":0.1651376146788991}"
                },
                {
                  "title": "2023 目标",
                  "icon": "lucide-file",
                  "state": "{\"type\":\"markdown\",\"state\":{\"file\":\"Calendar/2023 目标.md\",\"mode\":\"source\",\"backlinks\":true,\"source\":false}}",
                  "eState": "{\"cursor\":{\"from\":{\"line\":6,\"ch\":5},\"to\":{\"line\":6,\"ch\":5}}}"
                },
                {
                  "title": "Daily notes模板",
                  "icon": "lucide-file",
                  "state": "{\"type\":\"markdown\",\"state\":{\"file\":\"Extras/Templates/Calendar模板/Daily notes模板.md\",\"mode\":\"source\",\"backlinks\":true,\"source\":false}}",
                  "eState": "{\"cursor\":{\"from\":{\"line\":0,\"ch\":0},\"to\":{\"line\":0,\"ch\":0}}}"
                },
                {
                  "title": "2023 目标",
                  "icon": "lucide-file",
                  "state": "{\"type\":\"markdown\",\"state\":{\"file\":\"Calendar/2023 目标.md\",\"mode\":\"source\",\"backlinks\":true,\"source\":false}}",
                  "eState": "{\"cursor\":{\"from\":{\"line\":9,\"ch\":6},\"to\":{\"line\":9,\"ch\":6}}}"
                },
                {
                  "title": "Daily notes模板",
                  "icon": "lucide-file",
                  "state": "{\"type\":\"markdown\",\"state\":{\"file\":\"Extras/Templates/Calendar模板/Daily notes模板.md\",\"mode\":\"source\",\"backlinks\":true,\"source\":false}}",
                  "eState": "{\"cursor\":{\"from\":{\"line\":15,\"ch\":18},\"to\":{\"line\":15,\"ch\":18}}}"
                },
                {
                  "title": "2023 目标",
                  "icon": "lucide-file",
                  "state": "{\"type\":\"markdown\",\"state\":{\"file\":\"Calendar/2023 目标.md\",\"mode\":\"source\",\"backlinks\":true,\"source\":false}}",
                  "eState": "{\"cursor\":{\"from\":{\"line\":3,\"ch\":3},\"to\":{\"line\":3,\"ch\":3}}}"
                }
              ]
            },
            "state": {
              "type": "empty",
              "state": {}
            }
          }
        ]
      },
      {
        "id": "53dd74f684aca5c8",
        "type": "tabs",
        "dimension": 52.760736196319016,
        "children": [
          {
            "id": "62b8af10d547cef4",
            "type": "leaf",
            "pane-relief:history-v1": {
              "pos": 0,
              "stack": [
                {
                  "state": "{}",
                  "eState": "{}"
                },
                {
                  "title": "2023-02-04",
                  "icon": "lucide-file",
                  "state": "{\"type\":\"markdown\",\"state\":{\"file\":\"Calendar/Daily notes/2023-02-04.md\",\"mode\":\"source\",\"backlinks\":true,\"source\":false}}",
                  "eState": "{\"cursor\":{\"from\":{\"line\":3,\"ch\":4},\"to\":{\"line\":3,\"ch\":4}}}"
                }
              ]
            },
            "state": {
              "type": "markdown",
              "state": {
                "file": "Calendar/Weekly/2023-W-6.md",
                "mode": "source",
                "backlinks": true,
                "source": false
              }
            }
          }
        ]
      }
    ],
    "direction": "vertical"
  },
  "left": {
    "id": "e3dd4e8fbf886eda",
    "type": "split",
    "children": [
      {
        "id": "987dbc5670d8f4fa",
        "type": "tabs",
        "dimension": 68.11594202898551,
        "children": [
          {
            "id": "a4d1994dfc9f1870",
            "type": "leaf",
            "pane-relief:history-v1": {
              "pos": 0,
              "stack": [
                {
                  "state": "{}",
                  "eState": "{}"
                }
              ]
            },
            "state": {
              "type": "file-explorer",
              "state": {
                "sortOrder": "alphabetical"
              }
            }
          },
          {
            "id": "4ea8d6f6779182a1",
            "type": "leaf",
            "pane-relief:history-v1": {
              "pos": 0,
              "stack": [
                {
                  "state": "{}",
                  "eState": "{}"
                }
              ]
            },
            "state": {
              "type": "tag",
              "state": {
                "sortOrder": "frequency",
                "useHierarchy": true
              }
            }
          },
          {
            "id": "ce044dedd57e8849",
            "type": "leaf",
            "pane-relief:history-v1": {
              "pos": 0,
              "stack": [
                {
                  "state": "{}",
                  "eState": "{}"
                }
              ]
            },
            "state": {
              "type": "search",
              "state": {
                "query": "feedd",
                "matchingCase": true,
                "explainSearch": true,
                "collapseAll": false,
                "extraContext": false,
                "sortOrder": "byModifiedTime"
              }
            }
          },
          {
            "id": "a40ba0e5367abc32",
            "type": "leaf",
            "pane-relief:history-v1": {
              "pos": 0,
              "stack": [
                {
                  "state": "{}",
                  "eState": "{}"
                }
              ]
            },
            "state": {
              "type": "empty",
              "state": {}
            }
          }
        ]
      },
      {
        "id": "92910ae8836a7b22",
        "type": "tabs",
        "dimension": 31.88405797101449,
        "children": [
          {
            "id": "e3c3bc13cb0131c1",
            "type": "leaf",
            "pane-relief:history-v1": {
              "pos": 0,
              "stack": [
                {
                  "state": "{}",
                  "eState": "{}"
                }
              ]
            },
            "state": {
              "type": "outline",
              "state": {}
            }
          },
          {
            "id": "853ef9e400d6f719",
            "type": "leaf",
            "pane-relief:history-v1": {
              "pos": 0,
              "stack": [
                {
                  "state": "{}",
                  "eState": "{}"
                }
              ]
            },
            "state": {
              "type": "outgoing-link",
              "state": {
                "linksCollapsed": true,
                "unlinkedCollapsed": true
              }
            }
          },
          {
            "id": "fc8bc67bdab16945",
            "type": "leaf",
            "pane-relief:history-v1": {
              "pos": 0,
              "stack": [
                {
                  "state": "{}",
                  "eState": "{}"
                }
              ]
            },
            "state": {
              "type": "localgraph",
              "state": {
                "options": {
                  "collapse-filter": true,
                  "search": "",
                  "localJumps": 1,
                  "localBacklinks": true,
                  "localForelinks": true,
                  "localInterlinks": false,
                  "showTags": true,
                  "showAttachments": true,
                  "hideUnresolved": false,
                  "collapse-color-groups": true,
                  "colorGroups": [],
                  "collapse-display": true,
                  "showArrow": true,
                  "textFadeMultiplier": 0,
                  "nodeSizeMultiplier": 1,
                  "lineSizeMultiplier": 1,
                  "collapse-forces": true,
                  "centerStrength": 0.518713248970312,
                  "repelStrength": 10,
                  "linkStrength": 1,
                  "linkDistance": 250,
                  "scale": 0.3431214551109349,
                  "close": false
                }
              }
            }
          },
          {
            "id": "687dfb8cd0c53082",
            "type": "leaf",
            "pane-relief:history-v1": {
              "pos": 0,
              "stack": [
                {
                  "state": "{}",
                  "eState": "{}"
                }
              ]
            },
            "state": {
              "type": "backlink",
              "state": {
                "collapseAll": false,
                "extraContext": false,
                "sortOrder": "alphabetical",
                "showSearch": false,
                "searchQuery": "",
                "backlinkCollapsed": false,
                "unlinkedCollapsed": true
              }
            }
          }
        ]
      }
    ],
    "direction": "horizontal",
    "width": 240.5
  },
  "right": {
    "id": "c718ea3b78af998f",
    "type": "split",
    "children": [
      {
        "id": "ccdef1b6ad5a1f28",
        "type": "tabs",
        "children": [
          {
            "id": "327e0e86c19a7d68",
            "type": "leaf",
            "pane-relief:history-v1": {
              "pos": 0,
              "stack": [
                {
                  "state": "{}",
                  "eState": "{}"
                }
              ]
            },
            "state": {
              "type": "advanced-tables-toolbar",
              "state": {}
            }
          },
          {
            "id": "6a3a697e92316e48",
            "type": "leaf",
            "pane-relief:history-v1": {
              "pos": 0,
              "stack": [
                {
                  "state": "{}",
                  "eState": "{}"
                }
              ]
            },
            "state": {
              "type": "empty",
              "state": {}
            }
          },
          {
            "id": "3421ec9ab9e8f4aa",
            "type": "leaf",
            "pane-relief:history-v1": {
              "pos": 0,
              "stack": [
                {
                  "state": "{}",
                  "eState": "{}"
                }
              ]
            },
            "state": {
              "type": "review-queue-list-view",
              "state": {}
            }
          }
        ],
        "currentTab": 2
      },
      {
        "id": "c74291021baaccc8",
        "type": "tabs",
        "children": [
          {
            "id": "835b59bca180ea82",
            "type": "leaf",
            "pane-relief:history-v1": {
              "pos": 0,
              "stack": [
                {
                  "state": "{}",
                  "eState": "{}"
                }
              ]
            },
            "state": {
              "type": "empty",
              "state": {}
            }
          }
        ]
      },
      {
        "id": "0aab44f079597a58",
        "type": "tabs",
        "children": [
          {
            "id": "09bfa1834807e6a9",
            "type": "leaf",
            "pane-relief:history-v1": {
              "pos": 0,
              "stack": [
                {
                  "state": "{}",
                  "eState": "{}"
                }
              ]
            },
            "state": {
              "type": "empty",
              "state": {}
            }
          }
        ]
      },
      {
        "id": "8a7effdc29e4084a",
        "type": "tabs",
        "children": [
          {
            "id": "5375f195639b015b",
            "type": "leaf",
            "pane-relief:history-v1": {
              "pos": 0,
              "stack": [
                {
                  "state": "{}",
                  "eState": "{}"
                }
              ]
            },
            "state": {
              "type": "empty",
              "state": {}
            }
          }
        ]
      }
    ],
    "direction": "horizontal",
    "width": 246.67393493652344,
    "collapsed": true
  },
  "left-ribbon": {
    "hiddenItems": {
      "canvas:新建白板": false,
      "graph:查看关系图谱": false,
      "daily-notes:打开/创建今天的日记": false,
      "workspaces:管理工作区布局": false,
      "publish:发布更改": false,
      "obsidian-spaced-repetition:复习卡片": false,
      "obsidian-excalidraw-plugin:新建 Excalidraw 绘图": false,
      "omnisearch:Omnisearch": false
    }
  },
  "active": "a4d1994dfc9f1870",
  "lastOpenFiles": [
    "Calendar/Daily notes/2023-02-05.md",
    "Extras/Templates/Calendar模板/Daily notes模板周日.md",
    "Calendar/Daily notes/2023-02-04.md",
    "Calendar/2023 目标.md",
    "Extras/Templates/Calendar模板/Daily notes模板.md",
    "Calendar/Weekly/2023-W-6.md",
    "Extras/Templates/Calendar模板/Daily notes模板周六.md",
    "Calendar/2023 书单.md",
    "Spaces/1 - Project/MDH · 周刊/87.md",
    "Spaces/1 - Project/MDH · 周刊/86.md"
  ]
}